X,Y,id,lbl,fip,mmt_id,short__frm,long_frm,adm0,adm1,adm2,adm3,adm4,adm5,stl-0,stl-1,stl-2,stl-3,stl-4,stl-5,bbox
-2.61911711231735,5.19112878955313,1,GHA-1,GH,GHA,Ghana,Republic of Ghana GH,Ghana,Ashanti,Adansi North,-,-,-,92,1,1,-,-,-,"[ -3.111520, 4.978160, -2.482100, 5.410400 ]"
-2.80611831220787,5.7570439396743,2,GHA-2,GH,GHA,Ghana,Republic of Ghana GH,Ghana,Ashanti,Adansi South,-,-,-,92,1,2,-,-,-,"[ -3.095210, 5.340980, -2.483960, 6.173130 ]"
-2.36802526752008,5.72620330951437,3,GHA-3,GH,GHA,Ghana,Republic of Ghana GH,Ghana,Ashanti,Afigya-Sekyere,-,-,-,92,1,3,-,-,-,"[ -2.620020, 5.342330, -2.018710, 6.109560 ]"
-2.30879742373781,5.10648016455641,4,GHA-4,GH,GHA,Ghana,Republic of Ghana GH,Ghana,Ashanti,Ahafo Ano North,-,-,-,92,1,4,-,-,-,"[ -2.568270, 4.823250, -2.098780, 5.398160 ]"
-2.94847534008627,6.36638696963715,5,GHA-5,GH,GHA,Ghana,Republic of Ghana GH,Ghana,Ashanti,Ahafo Ano South,-,-,-,92,1,5,-,-,-,"[ -3.228290, 6.094680, -2.660840, 6.643070 ]"
-3.0306539530065,6.75524974495371,6,GHA-6,GH,GHA,Ghana,Republic of Ghana GH,Ghana,Ashanti,Amansie Central,-,-,-,92,1,6,-,-,-,"[ -3.255420, 6.504230, -2.837520, 7.006340 ]"
-2.68926786675594,6.79964410680719,7,GHA-7,GH,GHA,Ghana,Republic of Ghana GH,Ghana,Ashanti,Amansie East,-,-,-,92,1,7,-,-,-,"[ -2.877570, 6.599370, -2.516700, 6.999950 ]"
-2.54374078839007,6.58644903661699,8,GHA-8,GH,GHA,Ghana,Republic of Ghana GH,Ghana,Ashanti,Amansie West,-,-,-,92,1,8,-,-,-,"[ -2.787960, 6.354760, -2.371090, 6.818180 ]"
-2.53565350555842,6.2188870664726,9,GHA-9,GH,GHA,Ghana,Republic of Ghana GH,Ghana,Ashanti,Asante Akim North,-,-,-,92,1,9,-,-,-,"[ -2.948240, 5.916910, -2.336820, 6.516380 ]"
0.977098512322226,6.16591194259086,10,GHA-10,GH,GHA,Ghana,Republic of Ghana GH,Ghana,Ashanti,Asante Akim South,-,-,-,92,1,10,-,-,-,"[ 0.855130, 6.013760, 1.191780, 6.324290 ]"
0.861754661732523,5.93054511827569,11,GHA-11,GH,GHA,Ghana,Republic of Ghana GH,Ghana,Ashanti,Atwima,-,-,-,92,1,11,-,-,-,"[ 0.683950, 5.759650, 1.061030, 6.095440 ]"
0.783438735923578,6.2026729785841,12,GHA-12,GH,GHA,Ghana,Republic of Ghana GH,Ghana,Ashanti,Atwima Mponua,-,-,-,92,1,12,-,-,-,"[ 0.657650, 5.967390, 0.957230, 6.440170 ]"
0.647088858664573,5.96428217350761,13,GHA-13,GH,GHA,Ghana,Republic of Ghana GH,Ghana,Ashanti,Botsomtwe/Atwima/Kwanhuma,-,-,-,92,1,13,-,-,-,"[ 0.517310, 5.761410, 0.755630, 6.163230 ]"
0.39897509601719,6.14950399824908,14,GHA-14,GH,GHA,Ghana,Republic of Ghana GH,Ghana,Ashanti,Ejisu-Juaben,-,-,-,92,1,14,-,-,-,"[ 0.102730, 5.937840, 0.704940, 6.337600 ]"
0.480412288573878,6.45929675721478,15,GHA-15,GH,GHA,Ghana,Republic of Ghana GH,Ghana,Ashanti,Ejura/Sekyedumase,-,-,-,92,1,15,-,-,-,"[ 0.176330, 6.289440, 0.753830, 6.628290 ]"
0.505325053487545,6.71930018261817,16,GHA-16,GH,GHA,Ghana,Republic of Ghana GH,Ghana,Ashanti,Kumasi Metropolitan,-,-,-,92,1,16,-,-,-,"[ 0.319450, 6.492440, 0.740150, 6.941470 ]"
0.437117240837314,6.96507073143895,17,GHA-17,GH,GHA,Ghana,Republic of Ghana GH,Ghana,Ashanti,Kwabre,-,-,-,92,1,17,-,-,-,"[ 0.288630, 6.628290, 0.643320, 7.301840 ]"
0.217314298560766,6.59394163351292,18,GHA-18,GH,GHA,Ghana,Republic of Ghana GH,Ghana,Ashanti,Obuasi Municipal,-,-,-,92,1,18,-,-,-,"[ 0.117290, 6.420030, 0.319450, 6.756710 ]"
0.255455717493093,6.92835477759893,19,GHA-19,GH,GHA,Ghana,Republic of Ghana GH,Ghana,Ashanti,Offinso,-,-,-,92,1,19,-,-,-,"[ 0.106520, 6.752380, 0.376580, 7.104390 ]"
0.348430953249428,7.29514248392738,20,GHA-20,GH,GHA,Ghana,Republic of Ghana GH,Ghana,Ashanti,Sekyere East,-,-,-,92,1,20,-,-,-,"[ 0.186440, 7.070130, 0.658360, 7.520310 ]"
-0.381767796872848,7.67718393766913,21,GHA-21,GH,GHA,Ghana,Republic of Ghana GH,Ghana,Ashanti,Sekyere West,-,-,-,92,1,21,-,-,-,"[ -0.924610, 7.173200, 0.258820, 8.196050 ]"
0.269083326109533,7.77424810539577,22,GHA-22,GH,GHA,Ghana,Republic of Ghana GH,Ghana,Brong Ahafo,Asunafo North,-,-,-,92,2,1,-,-,-,"[ 0.031650, 7.393800, 0.482320, 8.154120 ]"
0.528346718281348,7.7355363790752,23,GHA-23,GH,GHA,Ghana,Republic of Ghana GH,Ghana,Brong Ahafo,Asunafo South,-,-,-,92,2,2,-,-,-,"[ 0.303380, 7.495050, 0.624330, 7.975380 ]"
-0.318530239650789,6.87826943139603,24,GHA-24,GH,GHA,Ghana,Republic of Ghana GH,Ghana,Brong Ahafo,Asutifi,-,-,-,92,2,3,-,-,-,"[ -0.749610, 6.540830, 0.247800, 7.212120 ]"
0.480991953220214,8.36041434884102,25,GHA-25,GH,GHA,Ghana,Republic of Ghana GH,Ghana,Brong Ahafo,Atebubu-Amantin,-,-,-,92,2,4,-,-,-,"[ 0.082620, 7.945740, 0.730370, 8.775340 ]"
0.333425929770818,9.13082518603267,26,GHA-26,GH,GHA,Ghana,Republic of Ghana GH,Ghana,Brong Ahafo,Berekum,-,-,-,92,2,5,-,-,-,"[ 0.166150, 8.765350, 0.563380, 9.496360 ]"
0.166127097383222,8.79028402643223,27,GHA-27,GH,GHA,Ghana,Republic of Ghana GH,Ghana,Brong Ahafo,Dormaa,-,-,-,92,2,6,-,-,-,"[ -0.086580, 8.523100, 0.396890, 9.063960 ]"
-0.269836587806595,9.41650995935023,28,GHA-28,GH,GHA,Ghana,Republic of Ghana GH,Ghana,Brong Ahafo,Jaman North,-,-,-,92,2,7,-,-,-,"[ -0.660430, 9.063960, 0.259520, 9.796810 ]"
0.192217066385274,9.89845298171491,29,GHA-29,GH,GHA,Ghana,Republic of Ghana GH,Ghana,Brong Ahafo,Jaman South,-,-,-,92,2,8,-,-,-,"[ -0.052790, 9.368440, 0.414610, 10.417480 ]"
-0.050993577991425,10.4822352088052,30,GHA-30,GH,GHA,Ghana,Republic of Ghana GH,Ghana,Brong Ahafo,Kintampo North,-,-,-,92,2,9,-,-,-,"[ -0.342910, 10.240700, 0.198800, 10.714590 ]"
-0.104828222257719,9.99132412743199,31,GHA-31,GH,GHA,Ghana,Republic of Ghana GH,Ghana,Brong Ahafo,Kintampo South,-,-,-,92,2,10,-,-,-,"[ -0.503050, 9.615020, 0.124580, 10.363480 ]"
-0.437088289898048,10.4207917114162,32,GHA-32,GH,GHA,Ghana,Republic of Ghana GH,Ghana,Brong Ahafo,Nkoranza,-,-,-,92,2,11,-,-,-,"[ -0.670580, 10.254400, -0.233640, 10.626070 ]"
-0.158349254513986,10.8309404678012,33,GHA-33,GH,GHA,Ghana,Republic of Ghana GH,Ghana,Brong Ahafo,Pru,-,-,-,92,2,12,-,-,-,"[ -0.375810, 10.619530, 0.032070, 11.037290 ]"
-0.491064440677017,10.840137895827,34,GHA-34,GH,GHA,Ghana,Republic of Ghana GH,Ghana,Brong Ahafo,Sene,-,-,-,92,2,13,-,-,-,"[ -0.621150, 10.559110, -0.329280, 11.120540 ]"
-0.259818065131605,10.9839885653245,35,GHA-35,GH,GHA,Ghana,Republic of Ghana GH,Ghana,Brong Ahafo,Sunyani,-,-,-,92,2,14,-,-,-,"[ -0.395190, 10.794350, 0.026300, 11.173300 ]"
-0.680331439908686,10.6861591803148,36,GHA-36,GH,GHA,Ghana,Republic of Ghana GH,Ghana,Brong Ahafo,Tain,-,-,-,92,2,15,-,-,-,"[ -0.949100, 10.480090, -0.518240, 10.891940 ]"
-0.779144606507097,10.9153890287953,37,GHA-37,GH,GHA,Ghana,Republic of Ghana GH,Ghana,Brong Ahafo,Tano North,-,-,-,92,2,16,-,-,-,"[ -0.941160, 10.828100, -0.617770, 11.002810 ]"
-0.887295808601035,10.715687245332,38,GHA-38,GH,GHA,Ghana,Republic of Ghana GH,Ghana,Brong Ahafo,Tano South,-,-,-,92,2,17,-,-,-,"[ -1.014550, 10.567910, -0.700670, 10.863480 ]"
-1.06940410179432,10.7561358144534,39,GHA-39,GH,GHA,Ghana,Republic of Ghana GH,Ghana,Brong Ahafo,Techiman Municipal,-,-,-,92,2,18,-,-,-,"[ -1.528430, 10.497370, -0.893140, 11.015000 ]"
-0.902527983460439,10.291746993204,40,GHA-40,GH,GHA,Ghana,Republic of Ghana GH,Ghana,Brong Ahafo,Wenchi,-,-,-,92,2,19,-,-,-,"[ -1.663440, 9.929880, -0.562580, 10.652680 ]"
-1.30396364271144,10.5792481016033,41,GHA-41,GH,GHA,Ghana,Republic of Ghana GH,Ghana,Central,Abura/Asebu/Kwamankese,-,-,-,92,3,1,-,-,-,"[ -1.572500, 10.274790, -1.065610, 10.883540 ]"
-1.75675575123168,10.5951117932799,42,GHA-42,GH,GHA,Ghana,Republic of Ghana GH,Ghana,Central,Agona,-,-,-,92,3,2,-,-,-,"[ -1.989200, 10.171630, -1.427800, 11.018970 ]"
-1.83065948710728,10.0917930806316,43,GHA-43,GH,GHA,Ghana,Republic of Ghana GH,Ghana,Central,Ajumako/Enyan/Essiam,-,-,-,92,3,3,-,-,-,"[ -2.076570, 9.820060, -1.585290, 10.363400 ]"
-2.16321857378954,10.6492112346801,44,GHA-44,GH,GHA,Ghana,Republic of Ghana GH,Ghana,Central,Asikuma/Odoben/Brakwa,-,-,-,92,3,4,-,-,-,"[ -2.613570, 10.302480, -1.920200, 10.996020 ]"
-2.45609470850779,10.3409900896731,45,GHA-45,GH,GHA,Ghana,Republic of Ghana GH,Ghana,Central,Assin North,-,-,-,92,3,5,-,-,-,"[ -2.854030, 10.100970, -1.995160, 10.581750 ]"
-2.53335048455446,10.7081887144107,46,GHA-46,GH,GHA,Ghana,Republic of Ghana GH,Ghana,Central,Assin South,-,-,-,92,3,6,-,-,-,"[ -2.859070, 10.417690, -2.319230, 11.003620 ]"
-2.81483652762824,10.7238365177895,47,GHA-47,GH,GHA,Ghana,Republic of Ghana GH,Ghana,Central,Awutu/Effutu/Senya,-,-,-,92,3,7,-,-,-,"[ -2.945600, 10.443830, -2.692170, 11.004660 ]"
-2.29559103701144,9.99894375954776,48,GHA-48,GH,GHA,Ghana,Republic of Ghana GH,Ghana,Central,Cape Coast Municipal,-,-,-,92,3,8,-,-,-,"[ -2.547180, 9.757260, -2.002390, 10.252540 ]"
-2.65121063601347,9.93115567217425,49,GHA-49,GH,GHA,Ghana,Republic of Ghana GH,Ghana,Central,Gomoa,-,-,-,92,3,9,-,-,-,"[ -2.798780, 9.629860, -2.472420, 10.205050 ]"
-2.4415394019428,9.39783065055486,50,GHA-50,GH,GHA,Ghana,Republic of Ghana GH,Ghana,Central,Komenda/Edina/Eguafo/Abirem,-,-,-,92,3,10,-,-,-,"[ -2.779200, 8.976960, -1.749260, 9.826240 ]"
-1.73285830600276,9.53392922124261,51,GHA-51,GH,GHA,Ghana,Republic of Ghana GH,Ghana,Central,Mfantsiman,-,-,-,92,3,11,-,-,-,"[ -2.221980, 8.960910, -0.938570, 10.103700 ]"
-1.80551103706291,6.26212038369254,52,GHA-52,GH,GHA,Ghana,Republic of Ghana GH,Ghana,Central,Twifo/Heman/Lower Denkyira,-,-,-,92,3,12,-,-,-,"[ -1.978130, 5.993280, -1.527280, 6.531130 ]"
-1.34974257981078,6.31179584525724,53,GHA-53,GH,GHA,Ghana,Republic of Ghana GH,Ghana,Central,Upper Denkyira,-,-,-,92,3,13,-,-,-,"[ -1.575540, 6.091110, -1.177990, 6.532150 ]"
-1.66381418529356,6.16647040567358,54,GHA-54,GH,GHA,Ghana,Republic of Ghana GH,Ghana,Eastern,Afram Plains,-,-,-,92,4,1,-,-,-,"[ -1.740600, 5.991530, -1.440100, 6.350820 ]"
-1.68294503295854,6.01404766861887,55,GHA-55,GH,GHA,Ghana,Republic of Ghana GH,Ghana,Eastern,Akuapim North,-,-,-,92,4,2,-,-,-,"[ -1.798210, 5.915170, -1.530960, 6.103930 ]"
-1.81393403445184,5.948031136723,56,GHA-56,GH,GHA,Ghana,Republic of Ghana GH,Ghana,Eastern,Akuapim South,-,-,-,92,4,3,-,-,-,"[ -2.205720, 5.589780, -1.558810, 6.306340 ]"
-1.9330822219116,6.34955550145201,57,GHA-57,GH,GHA,Ghana,Republic of Ghana GH,Ghana,Eastern,Asuogyaman,-,-,-,92,4,4,-,-,-,"[ -2.114400, 6.090810, -1.676620, 6.606840 ]"
-1.58846058315568,6.57031811110774,58,GHA-58,GH,GHA,Ghana,Republic of Ghana GH,Ghana,Eastern,Atiwa,-,-,-,92,4,5,-,-,-,"[ -1.827330, 6.463710, -1.331470, 6.680520 ]"
-1.76459165373485,6.77577591477365,59,GHA-59,GH,GHA,Ghana,Republic of Ghana GH,Ghana,Eastern,Birim North,-,-,-,92,4,6,-,-,-,"[ -1.960490, 6.569850, -1.663670, 6.980790 ]"
-1.61526681491823,6.69624979579763,60,GHA-60,GH,GHA,Ghana,Republic of Ghana GH,Ghana,Eastern,Birim South,-,-,-,92,4,7,-,-,-,"[ -1.696440, 6.630200, -1.524430, 6.759600 ]"
-1.38194254112327,6.61702097562272,61,GHA-61,GH,GHA,Ghana,Republic of Ghana GH,Ghana,Eastern,East Akim,-,-,-,92,4,8,-,-,-,"[ -1.548740, 6.411790, -1.244650, 6.828180 ]"
-1.14496033545894,6.47369202239653,62,GHA-62,GH,GHA,Ghana,Republic of Ghana GH,Ghana,Eastern,Fanteakwa,-,-,-,92,4,9,-,-,-,"[ -1.300430, 6.198050, -0.910060, 6.748790 ]"
-1.07377496008231,6.24543741357597,63,GHA-63,GH,GHA,Ghana,Republic of Ghana GH,Ghana,Eastern,Kwaebibirem,-,-,-,92,4,10,-,-,-,"[ -1.246900, 5.944760, -0.804280, 6.545670 ]"
-1.36461435323356,6.08546996799522,64,GHA-64,GH,GHA,Ghana,Republic of Ghana GH,Ghana,Eastern,Kwahu South,-,-,-,92,4,11,-,-,-,"[ -1.622950, 5.855120, -1.198970, 6.315260 ]"
-1.37323877315774,5.79900449155427,65,GHA-65,GH,GHA,Ghana,Republic of Ghana GH,Ghana,Eastern,Kwahu West,-,-,-,92,4,12,-,-,-,"[ -1.608190, 5.658370, -1.147820, 5.939870 ]"
-1.51665123060934,5.53006405353123,66,GHA-66,GH,GHA,Ghana,Republic of Ghana GH,Ghana,Eastern,Manya Krobo,-,-,-,92,4,13,-,-,-,"[ -1.832750, 5.241250, -1.283980, 5.818980 ]"
-2.02819561024103,5.81339292025958,67,GHA-67,GH,GHA,Ghana,Republic of Ghana GH,Ghana,Eastern,New-Juaben Municipal,-,-,-,92,4,14,-,-,-,"[ -2.258000, 5.589780, -1.784200, 6.035820 ]"
-2.17170665455387,6.54475820193156,68,GHA-68,GH,GHA,Ghana,Republic of Ghana GH,Ghana,Eastern,Suhum/Kraboa/Coaltar,-,-,-,92,4,15,-,-,-,"[ -2.451440, 6.313990, -1.918990, 6.775610 ]"
-2.42764195428418,6.92081117946518,69,GHA-69,GH,GHA,Ghana,Republic of Ghana GH,Ghana,Eastern,West Akim,-,-,-,92,4,16,-,-,-,"[ -2.797110, 6.658170, -2.241910, 7.183380 ]"
-1.95181985780103,6.9499677138844,70,GHA-70,GH,GHA,Ghana,Republic of Ghana GH,Ghana,Eastern,Yilo Krobo,-,-,-,92,4,17,-,-,-,"[ -2.148110, 6.730440, -1.811570, 7.156120 ]"
-1.77648915622122,7.1653309008183,71,GHA-71,GH,GHA,Ghana,Republic of Ghana GH,Ghana,Greater Accra,Accra Metropolis,-,-,-,92,5,1,-,-,-,"[ -2.140840, 6.864480, -1.633670, 7.469140 ]"
-1.54671332449944,6.99504849566407,72,GHA-72,GH,GHA,Ghana,Republic of Ghana GH,Ghana,Greater Accra,Dangme East,-,-,-,92,5,2,-,-,-,"[ -1.713690, 6.809960, -1.410140, 7.166570 ]"
-1.57752318632377,6.80619153800631,73,GHA-73,GH,GHA,Ghana,Republic of Ghana GH,Ghana,Greater Accra,Dangme West,-,-,-,92,5,3,-,-,-,"[ -1.714290, 6.724000, -1.431530, 6.885910 ]"
-0.748834507263155,7.12396773300439,74,GHA-74,GH,GHA,Ghana,Republic of Ghana GH,Ghana,Greater Accra,Ga East,-,-,-,92,5,4,-,-,-,"[ -1.437520, 6.708460, -0.237420, 7.539470 ]"
-1.07345344223274,6.75952417933547,75,GHA-75,GH,GHA,Ghana,Republic of Ghana GH,Ghana,Greater Accra,Ga West,-,-,-,92,5,5,-,-,-,"[ -1.311510, 6.480350, -0.749610, 7.038030 ]"
-0.669332683372169,6.64674559476913,76,GHA-76,GH,GHA,Ghana,Republic of Ghana GH,Ghana,Greater Accra,Tema Municipal,-,-,-,92,5,6,-,-,-,"[ -0.985560, 6.412300, -0.363010, 6.876250 ]"
-0.746831201598736,6.50193283208712,77,GHA-77,GH,GHA,Ghana,Republic of Ghana GH,Ghana,Northern,Bole,-,-,-,92,6,1,-,-,-,"[ -0.964310, 6.396900, -0.647630, 6.610430 ]"
-0.654979729674102,6.33206145453169,78,GHA-78,GH,GHA,Ghana,Republic of Ghana GH,Ghana,Northern,Bunkpurugu-Yunyoo,-,-,-,92,6,2,-,-,-,"[ -0.880980, 6.177280, -0.430960, 6.475830 ]"
-0.82454400919538,6.18714496822791,79,GHA-79,GH,GHA,Ghana,Republic of Ghana GH,Ghana,Northern,Central Gonja,-,-,-,92,6,3,-,-,-,"[ -1.033570, 5.958780, -0.570020, 6.415510 ]"
-1.01202610100351,5.8835568333544,80,GHA-80,GH,GHA,Ghana,Republic of Ghana GH,Ghana,Northern,East Gonja,-,-,-,92,6,4,-,-,-,"[ -1.263360, 5.719510, -0.691950, 6.047540 ]"
-1.0038251117153,5.61931570937251,81,GHA-81,GH,GHA,Ghana,Republic of Ghana GH,Ghana,Northern,East Mamprusi,-,-,-,92,6,5,-,-,-,"[ -1.147860, 5.492300, -0.858580, 5.757820 ]"
-1.27483806692129,5.53310229248078,82,GHA-82,GH,GHA,Ghana,Republic of Ghana GH,Ghana,Northern,Gushiegu,-,-,-,92,6,6,-,-,-,"[ -1.447490, 5.339550, -1.053700, 5.707070 ]"
-1.17774374495006,5.25835231178978,83,GHA-83,GH,GHA,Ghana,Republic of Ghana GH,Ghana,Northern,Karaga,-,-,-,92,6,7,-,-,-,"[ -1.310310, 5.117720, -1.062880, 5.400360 ]"
-1.29581513600177,5.17288336939979,84,GHA-84,GH,GHA,Ghana,Republic of Ghana GH,Ghana,Northern,Nanumba North,-,-,-,92,6,8,-,-,-,"[ -1.365550, 5.094950, -1.215940, 5.246730 ]"
-1.41751110803263,5.14027044015042,85,GHA-85,GH,GHA,Ghana,Republic of Ghana GH,Ghana,Northern,Nanumba South,-,-,-,92,6,9,-,-,-,"[ -1.583660, 5.031760, -1.296570, 5.256620 ]"
-1.62178406295183,5.27217503887214,86,GHA-86,GH,GHA,Ghana,Republic of Ghana GH,Ghana,Northern,Saboba/Chereponi,-,-,-,92,6,10,-,-,-,"[ -1.988640, 4.901470, -1.435560, 5.646040 ]"
-0.663955234540507,5.86698728406853,87,GHA-87,GH,GHA,Ghana,Republic of Ghana GH,Ghana,Northern,Savelugu/Nanton,-,-,-,92,6,11,-,-,-,"[ -0.826210, 5.702240, -0.391780, 6.039760 ]"
-0.73304728334495,5.62463300858967,88,GHA-88,GH,GHA,Ghana,Republic of Ghana GH,Ghana,Northern,Sawla-Tuna-Kalba,-,-,-,92,6,12,-,-,-,"[ -0.893070, 5.502310, -0.600510, 5.745030 ]"
-0.972416869560204,5.42677888134894,89,GHA-89,GH,GHA,Ghana,Republic of Ghana GH,Ghana,Northern,Tamale Municipal,-,-,-,92,6,13,-,-,-,"[ -1.102830, 5.300040, -0.851950, 5.555070 ]"
-0.965028877104566,5.28551306150399,90,GHA-90,GH,GHA,Ghana,Republic of Ghana GH,Ghana,Northern,Tolon/Kumbungu,-,-,-,92,6,14,-,-,-,"[ -1.213620, 5.137150, -0.795960, 5.416960 ]"
-1.7433312253485,4.98161223731777,91,GHA-91,GH,GHA,Ghana,Republic of Ghana GH,Ghana,Northern,West Gonja,-,-,-,92,6,15,-,-,-,"[ -1.851230, 4.863410, -1.582690, 5.102260 ]"
-2.03892136785228,4.83096148795183,92,GHA-92,GH,GHA,Ghana,Republic of Ghana GH,Ghana,Northern,West Mamprusi,-,-,-,92,6,16,-,-,-,"[ -2.203270, 4.736720, -1.813790, 4.927960 ]"
-1.9731690678602,5.27961433817888,93,GHA-93,GH,GHA,Ghana,Republic of Ghana GH,Ghana,Northern,Yendi,-,-,-,92,6,17,-,-,-,"[ -2.236380, 4.899860, -1.772110, 5.660420 ]"
-2.33285393575618,7.35744957946052,94,GHA-94,GH,GHA,Ghana,Republic of Ghana GH,Ghana,Northern,Zabzugu/Tatale,-,-,-,92,6,18,-,-,-,"[ -2.522890, 7.123820, -2.131140, 7.608640 ]"
-2.18207563007536,7.21118561824927,95,GHA-95,GH,GHA,Ghana,Republic of Ghana GH,Ghana,Upper East,Bawku Municipal,-,-,-,92,7,1,-,-,-,"[ -2.311600, 7.027230, -2.052320, 7.395060 ]"
-0.734411999977089,5.40591239734317,96,GHA-96,GH,GHA,Ghana,Republic of Ghana GH,Ghana,Upper East,Bawku West,-,-,-,92,7,2,-,-,-,"[ -0.915820, 5.223410, -0.554210, 5.588420 ]"
-0.474764023753938,6.17974160511526,97,GHA-97,GH,GHA,Ghana,Republic of Ghana GH,Ghana,Upper East,Bolgatanga Municipal,-,-,-,92,7,3,-,-,-,"[ -0.631450, 6.061860, -0.297450, 6.295040 ]"
-0.455918925301507,5.97984740478796,98,GHA-98,GH,GHA,Ghana,Republic of Ghana GH,Ghana,Upper East,Bongo,-,-,-,92,7,4,-,-,-,"[ -0.641070, 5.840110, -0.276560, 6.135860 ]"
-0.357797546792417,5.64036175079267,99,GHA-99,GH,GHA,Ghana,Republic of Ghana GH,Ghana,Upper East,Builsa,-,-,-,92,7,5,-,-,-,"[ -0.499930, 5.475870, -0.264870, 5.812130 ]"
-0.479662234686397,5.52746404956847,100,GHA-100,GH,GHA,Ghana,Republic of Ghana GH,Ghana,Upper East,Garu-Tempane,-,-,-,92,7,6,-,-,-,"[ -0.668260, 5.323870, -0.401180, 5.740020 ]"
-2.64319845302365,7.48556344732296,101,GHA-101,GH,GHA,Ghana,Republic of Ghana GH,Ghana,Upper East,Kassena-Nankana,-,-,-,92,7,7,-,-,-,"[ -2.863540, 7.286070, -2.419080, 7.680070 ]"
-2.65445037290979,7.9333526859604,102,GHA-102,GH,GHA,Ghana,Republic of Ghana GH,Ghana,Upper East,Talensi-Nabdam,-,-,-,92,7,8,-,-,-,"[ -2.745270, 7.661440, -2.527380, 8.185210 ]"
-2.34380005016603,8.17508753722203,103,GHA-103,GH,GHA,Ghana,Republic of Ghana GH,Ghana,Upper West,Jirapa/Lambussie,-,-,-,92,8,1,-,-,-,"[ -2.602920, 7.562960, -2.114730, 8.787280 ]"
-2.14146262659636,7.73361454075494,104,GHA-104,GH,GHA,Ghana,Republic of Ghana GH,Ghana,Upper West,Lawra,-,-,-,92,8,2,-,-,-,"[ -2.267460, 7.416830, -1.967930, 8.045830 ]"
-1.73060577400025,7.96764818195765,105,GHA-105,GH,GHA,Ghana,Republic of Ghana GH,Ghana,Upper West,Nadowli,-,-,-,92,8,3,-,-,-,"[ -2.137000, 7.723990, -1.379290, 8.211290 ]"
-1.95770595239524,7.67882943838787,106,GHA-106,GH,GHA,Ghana,Republic of Ghana GH,Ghana,Upper West,Sissala East,-,-,-,92,8,4,-,-,-,"[ -2.123880, 7.441610, -1.814280, 7.919810 ]"
-1.59225322789906,7.60728708775961,107,GHA-107,GH,GHA,Ghana,Republic of Ghana GH,Ghana,Upper West,Sissala West,-,-,-,92,8,5,-,-,-,"[ -1.877100, 7.331240, -1.180870, 7.882410 ]"
-1.40683648871607,7.38537166670417,108,GHA-108,GH,GHA,Ghana,Republic of Ghana GH,Ghana,Upper West,Wa East,-,-,-,92,8,6,-,-,-,"[ -1.688750, 7.145650, -1.115770, 7.624740 ]"
0.091142599656954,6.33635060651348,109,GHA-109,GH,GHA,Ghana,Republic of Ghana GH,Ghana,Upper West,Wa Municipal,-,-,-,92,8,7,-,-,-,"[ -0.035280, 6.105970, 0.206700, 6.566550 ]"
-0.065462100736378,6.30343879477888,110,GHA-110,GH,GHA,Ghana,Republic of Ghana GH,Ghana,Upper West,Wa West,-,-,-,92,8,8,-,-,-,"[ -0.270040, 6.040410, 0.167120, 6.569740 ]"
-0.327875158193501,6.48262932425434,111,GHA-111,GH,GHA,Ghana,Republic of Ghana GH,Ghana,Volta,Adaklu-Anyigbe,-,-,-,92,9,1,-,-,-,"[ -0.515240, 6.286840, -0.126310, 6.677890 ]"
0.107676377590745,5.88983624637455,112,GHA-112,GH,GHA,Ghana,Republic of Ghana GH,Ghana,Volta,Akatsi,-,-,-,92,9,2,-,-,-,"[ -0.129360, 5.685830, 0.346290, 6.104110 ]"
-0.143714550973229,6.16522649604777,113,GHA-113,GH,GHA,Ghana,Republic of Ghana GH,Ghana,Volta,Ho Municipal,-,-,-,92,9,3,-,-,-,"[ -0.330580, 5.991120, 0.053610, 6.335900 ]"
-1.24825268944469,7.23169665167915,114,GHA-114,GH,GHA,Ghana,Republic of Ghana GH,Ghana,Volta,Hohoe,-,-,-,92,9,4,-,-,-,"[ -1.543790, 6.914990, -0.897090, 7.534860 ]"
-0.987919531343706,7.66710812203905,115,GHA-115,GH,GHA,Ghana,Republic of Ghana GH,Ghana,Volta,Jasikan,-,-,-,92,9,5,-,-,-,"[ -1.317190, 7.456720, -0.785650, 7.878000 ]"
-0.861479455690251,8.05161269071742,116,GHA-116,GH,GHA,Ghana,Republic of Ghana GH,Ghana,Volta,Kadjebi,-,-,-,92,9,6,-,-,-,"[ -1.433580, 7.711910, -0.552490, 8.391500 ]"
-0.598463797934148,8.63287102018547,117,GHA-117,GH,GHA,Ghana,Republic of Ghana GH,Ghana,Volta,Keta,-,-,-,92,9,7,-,-,-,"[ -1.277470, 7.950690, 0.248130, 9.315100 ]"
-0.007971595678381,7.99434836413376,118,GHA-118,GH,GHA,Ghana,Republic of Ghana GH,Ghana,Volta,Ketu,-,-,-,92,9,8,-,-,-,"[ -0.375660, 7.652190, 0.243750, 8.333540 ]"
0.473080106738169,5.87608099374399,119,GHA-119,GH,GHA,Ghana,Republic of Ghana GH,Ghana,Volta,Kpando,-,-,-,92,9,9,-,-,-,"[ 0.333760, 5.760910, 0.687070, 5.991280 ]"
-0.14060006665,5.99784919494339,120,GHA-120,GH,GHA,Ghana,Republic of Ghana GH,Ghana,Volta,Krachi,-,-,-,92,9,10,-,-,-,"[ -0.329800, 5.859280, 0.020810, 6.136820 ]"
-0.278562436874297,6.10673229480895,121,GHA-121,GH,GHA,Ghana,Republic of Ghana GH,Ghana,Volta,Krachi East,-,-,-,92,9,11,-,-,-,"[ -0.365660, 6.024830, -0.209630, 6.189870 ]"
-1.58116109041401,8.39303532011495,122,GHA-122,GH,GHA,Ghana,Republic of Ghana GH,Ghana,Volta,Nkwanta,-,-,-,92,9,12,-,-,-,"[ -1.931090, 8.011780, -1.131360, 8.774380 ]"
-1.47020665235404,8.93751485633944,123,GHA-123,GH,GHA,Ghana,Republic of Ghana GH,Ghana,Volta,North Tongu,-,-,-,92,9,13,-,-,-,"[ -2.212430, 8.542730, -0.715440, 9.332260 ]"
-0.788709884172921,9.42168563153674,124,GHA-124,GH,GHA,Ghana,Republic of Ghana GH,Ghana,Volta,South Dayi,-,-,-,92,9,14,-,-,-,"[ -0.939790, 9.301180, -0.633070, 9.553620 ]"
-0.142070442627515,8.85910775751011,125,GHA-125,GH,GHA,Ghana,Republic of Ghana GH,Ghana,Volta,South Tongu,-,-,-,92,9,15,-,-,-,"[ -0.493240, 8.502780, 0.188610, 9.215450 ]"
-1.05931286999104,9.70467404947514,126,GHA-126,GH,GHA,Ghana,Republic of Ghana GH,Ghana,Western,Ahanta West,-,-,-,92,10,1,-,-,-,"[ -1.331010, 9.315100, -0.894940, 10.094330 ]"
-0.858471829236273,9.82486349432131,127,GHA-127,GH,GHA,Ghana,Republic of Ghana GH,Ghana,Western,Aowin/Suaman,-,-,-,92,10,2,-,-,-,"[ -1.028420, 9.459340, -0.601020, 10.190140 ]"
-0.533737445993965,9.93869991405661,128,GHA-128,GH,GHA,Ghana,Republic of Ghana GH,Ghana,Western,Bia,-,-,-,92,10,3,-,-,-,"[ -0.763350, 9.532540, -0.278560, 10.339930 ]"
-0.232567370955768,5.70653476952706,129,GHA-129,GH,GHA,Ghana,Republic of Ghana GH,Ghana,Western,Bibiani/Anhwiaso/Bekwai,-,-,-,92,10,4,-,-,-,"[ -0.331000, 5.605950, -0.135550, 5.812070 ]"
-0.177149589045204,5.58995703413349,130,GHA-130,GH,GHA,Ghana,Republic of Ghana GH,Ghana,Western,Jomoro,-,-,-,92,10,5,-,-,-,"[ -0.295830, 5.512930, -0.067740, 5.666610 ]"
-0.048835441842914,5.7276494244853,131,GHA-131,GH,GHA,Ghana,Republic of Ghana GH,Ghana,Western,Juabeso,-,-,-,92,10,6,-,-,-,"[ -0.163170, 5.598500, 0.069850, 5.859050 ]"
-2.24077454795766,6.89330722667308,132,GHA-132,GH,GHA,Ghana,Republic of Ghana GH,Ghana,Western,Mpohor/Wassa East,-,-,-,92,10,7,-,-,-,"[ -2.386990, 6.710980, -2.056400, 7.079050 ]"
-2.27842833866458,8.6788219207162,133,GHA-133,GH,GHA,Ghana,Republic of Ghana GH,Ghana,Western,Nzema East,-,-,-,92,10,8,-,-,-,"[ -2.779670, 8.147130, -1.746650, 9.207980 ]"
-2.74454095024813,7.69193790242561,134,GHA-134,GH,GHA,Ghana,Republic of Ghana GH,Ghana,Western,Sefwi-Wiawso,-,-,-,92,10,9,-,-,-,"[ -2.933150, 7.434570, -2.575920, 7.949610 ]"
-2.80267489138183,7.17759623409019,135,GHA-135,GH,GHA,Ghana,Republic of Ghana GH,Ghana,Western,Shama Ahanta East Metropolitan,-,-,-,92,10,10,-,-,-,"[ -3.116330, 6.851670, -2.407220, 7.503350 ]"
-2.25411149030805,6.3013105094766,136,GHA-136,GH,GHA,Ghana,Republic of Ghana GH,Ghana,Western,Wasa Amenfi East,-,-,-,92,10,11,-,-,-,"[ -2.437620, 6.101540, -2.081380, 6.501040 ]"
-1.98462573599118,7.17063395852792,137,GHA-137,GH,GHA,Ghana,Republic of Ghana GH,Ghana,Western,Wasa Amenfi West,-,-,-,92,10,12,-,-,-,"[ -2.175110, 7.023720, -1.827620, 7.318630 ]"
-0.269083840203633,5.83173631749426,138,GHA-138,GH,GHA,Ghana,Republic of Ghana GH,Ghana,Western,Wassa West,-,-,-,92,10,13,-,-,-,"[ -0.401820, 5.739340, -0.129260, 5.922610 ]"
